Date,Open,High,Low,Close,Volume,Value,Frequency
2020-01-02,0,240,236,238,3.323.600,789.137.000,647
2020-01-03,0,240,236,236,15.815.400,3.751.160.600,1.071
2020-01-06,0,236,232,234,3.246.300,759.807.800,400
2020-01-07,0,238,232,236,3.340.600,783.695.400,554
2020-01-08,0,236,230,232,2.501.900,581.224.600,457
2020-01-09,0,236,230,234,4.490.100,1.039.827.000,1.3
2020-01-10,0,236,232,234,13.398.500,3.132.553.600,562
2020-01-13,0,248,232,246,27.439.200,6.649.311.000,2.047
2020-01-14,0,250,244,246,16.779.300,4.153.427.000,1.655
2020-01-15,0,246,240,242,5.060.300,1.226.407.400,500
2020-01-16,0,242,234,236,9.474.600,2.251.024.000,740
2020-01-17,0,240,232,234,8.423.100,1.982.487.400,414
2020-01-20,0,238,230,230,3.471.900,805.470.800,309
2020-01-21,0,230,218,218,21.386.800,4.742.308.400,1.065
2020-01-22,0,220,212,212,4.811.000,1.040.756.000,593
2020-01-23,0,216,210,212,6.542.800,1.398.284.600,451
2020-01-24,0,218,212,212,3.271.400,701.116.800,326
2020-01-27,0,216,210,212,9.689.900,2.066.058.200,576
2020-01-28,0,216,208,212,7.252.200,1.538.208.000,669
2020-01-29,0,216,208,210,12.363.400,2.606.476.000,991
2020-01-30,0,214,204,206,6.709.600,1.391.355.400,453
2020-01-31,0,208,198,198,8.545.000,1.712.400.400,790
2020-02-03,0,199,180,186,15.133.600,2.839.006.300,1.356
2020-02-04,0,190,185,185,10.564.000,1.968.934.300,528
2020-02-05,0,189,185,189,3.913.600,733.490.100,452
2020-02-06,0,197,188,196,4.825.500,938.985.000,506
2020-02-07,0,198,190,191,3.395.400,652.137.700,491
2020-02-10,0,192,184,185,4.633.000,859.629.300,956
2020-02-11,0,187,183,186,4.488.600,830.454.300,644
2020-02-12,0,186,176,177,6.825.800,1.224.039.100,870
2020-02-13,0,179,168,170,6.115.500,1.042.443.500,578
2020-02-14,0,173,167,170,6.679.500,1.128.060.400,475
2020-02-17,0,176,168,174,4.320.300,748.850.800,412
2020-02-18,0,181,174,177,9.783.900,1.741.317.100,764
2020-02-19,0,184,177,180,6.698.300,1.210.424.600,654
2020-02-20,0,184,177,177,3.063.000,548.634.100,270
2020-02-21,0,178,174,175,4.343.300,761.021.600,590
2020-02-24,0,177,170,173,3.846.800,667.639.100,520
2020-02-25,0,174,163,172,4.412.900,745.718.800,653
2020-02-26,0,173,166,169,4.091.500,690.154.300,739
2020-02-27,0,169,156,156,8.627.300,1.382.353.000,1.314
2020-02-28,0,152,134,152,28.255.900,3.990.665.600,1.713
2020-03-02,0,157,140,145,7.784.700,1.132.103.900,1.247
2020-03-03,0,152,139,142,12.809.000,1.858.102.900,896
2020-03-04,0,158,139,157,11.480.000,1.727.232.800,1.44
2020-03-05,0,164,153,157,4.299.000,678.471.800,593
2020-03-06,0,154,150,153,4.535.700,691.504.400,499
2020-03-09,0,153,142,142,10.537.800,1.530.936.200,788
2020-03-10,0,153,140,151,4.366.200,634.743.300,698
2020-03-11,0,152,139,151,7.806.200,1.122.615.800,770
2020-03-12,0,151,136,150,24.005.300,3.514.828.700,872
2020-03-13,0,150,140,140,5.158.100,724.116.600,800
2020-03-16,0,140,131,133,8.026.700,1.058.707.400,489
2020-03-17,0,134,124,124,4.562.300,566.755.100,719
2020-03-18,0,124,116,116,5.475.700,639.003.900,503
2020-03-19,0,110,108,108,694.4,75.000.800,120
2020-03-20,0,107,101,101,30.593.700,3.092.073.800,1.148
2020-03-23,0,101,94,94,8.700.300,819.602.000,306
2020-03-24,0,97,88,92,11.718.900,1.081.825.500,1.328
2020-03-26,0,108,87,105,22.240.000,2.264.439.100,1.849
2020-03-27,0,121,110,114,14.675.600,1.702.382.600,977
2020-03-30,0,114,107,107,2.679.500,287.425.700,330
2020-03-31,0,112,100,104,8.476.500,892.644.600,916
2020-04-01,0,109,101,104,7.037.600,732.205.200,881
2020-04-02,0,115,101,105,8.899.600,952.911.600,1.021
2020-04-03,0,111,106,110,12.441.100,1.361.911.700,642
2020-04-06,0,135,110,134,28.715.100,3.527.765.300,1.908
2020-04-07,0,144,125,125,70.091.700,8.965.684.200,2.691
2020-04-08,0,126,117,117,25.297.500,2.976.652.300,1.08
2020-04-09,0,120,109,119,33.615.800,3.856.741.500,1.542
2020-04-13,0,122,111,115,30.636.800,3.506.781.000,1.445
2020-04-14,0,126,114,125,31.745.600,3.845.191.700,2.064
2020-04-15,0,128,117,118,23.611.100,2.846.316.000,1.338
2020-04-16,0,118,111,112,11.026.700,1.250.253.200,1.348
2020-04-17,0,118,114,116,11.614.800,1.347.772.000,1.239
2020-04-20,0,117,112,114,5.914.400,680.703.900,542
2020-04-21,0,114,107,108,12.263.200,1.338.230.200,899
2020-04-22,0,111,103,110,4.454.900,477.273.800,584
2020-04-23,0,116,109,114,7.370.300,831.711.600,607
2020-04-24,0,119,111,112,11.416.100,1.306.589.800,791
2020-04-27,0,117,111,114,6.376.700,721.835.300,487
2020-04-28,0,116,112,113,6.762.100,769.202.600,399
2020-04-29,0,115,112,114,5.475.700,620.724.600,391
2020-04-30,0,122,115,118,25.665.500,3.037.980.400,2.047
2020-05-04,0,118,113,113,9.022.400,1.026.618.600,740
2020-05-05,0,117,113,115,4.713.400,539.762.900,525
2020-05-06,0,118,114,117,5.076.600,585.189.000,633
2020-05-08,0,119,116,116,5.968.300,700.779.400,1.218
2020-05-11,0,121,116,118,10.494.100,1.246.881.200,588
2020-05-12,0,123,114,114,17.849.100,2.078.925.800,1.076
2020-05-13,0,116,111,115,5.184.200,590.174.200,580
2020-05-14,0,116,111,112,5.989.000,678.285.100,446
2020-05-15,0,114,110,111,9.522.600,1.061.750.900,626
2020-05-18,0,112,105,106,15.135.000,1.615.588.400,1.11
2020-05-19,0,111,106,108,7.218.500,788.251.600,455
2020-05-20,0,109,106,107,6.336.900,678.369.700,616
2020-05-26,0,113,105,111,42.488.200,4.615.972.000,1.182
2020-05-27,0,117,109,113,106.920.900,12.100.243.100,1.979
2020-05-28,0,115,112,112,45.400.800,5.133.014.600,1.549
2020-05-29,0,115,106,106,143.873.900,15.355.779.000,1.206
2020-06-02,0,112,106,110,31.169.600,3.430.725.300,1.78
2020-06-03,0,122,111,120,135.126.900,15.931.599.100,3.511
2020-06-04,0,127,118,119,141.205.400,17.347.070.800,3.244
2020-06-05,0,135,118,133,141.417.600,18.090.461.600,3.305
2020-06-08,0,176,136,152,237.395.800,35.920.131.700,7.73
2020-06-09,0,162,142,142,139.452.800,21.039.962.700,4.721
2020-06-10,0,147,133,134,82.022.100,11.227.735.300,3.125
2020-06-11,0,137,126,128,56.017.300,7.313.785.300,2.019
2020-06-12,0,131,120,129,68.010.500,8.571.509.800,2.07
2020-06-15,0,135,125,125,50.346.900,6.524.983.000,2.018
2020-06-16,0,141,128,138,155.843.900,21.368.062.900,5.765
2020-06-17,0,142,136,138,91.933.800,12.746.198.900,3.075
2020-06-18,0,148,135,145,180.574.800,25.925.004.800,5.959
2020-06-19,0,147,138,138,82.369.400,11.647.816.800,3.927
2020-06-22,0,140,133,135,34.839.800,4.735.533.600,1.63
2020-06-23,0,138,128,131,58.966.900,7.738.753.000,2.158
2020-06-24,0,135,131,133,33.253.300,4.456.216.900,1.439
2020-06-25,0,138,129,130,85.452.300,11.284.242.000,2.757
2020-06-26,0,135,129,129,58.094.900,7.591.752.400,2.033
2020-06-29,0,132,128,130,30.043.200,3.903.414.000,1.631
2020-06-30,0,133,128,129,26.509.800,3.452.585.700,1.261
2020-07-01,0,131,125,128,25.908.800,3.293.463.400,1.48
2020-07-02,0,131,125,131,56.711.300,7.296.591.400,1.655
2020-07-03,0,135,127,128,72.525.200,9.483.506.500,2.328
2020-07-06,0,131,126,129,23.806.800,3.077.131.100,996
2020-07-07,0,130,128,128,22.591.400,2.905.351.900,1.055
2020-07-08,0,133,126,132,61.136.300,8.015.779.100,2.014
2020-07-09,0,136,130,131,88.797.800,11.782.686.600,2.31
2020-07-10,0,135,129,130,54.124.200,7.048.449.000,1.234
2020-07-13,0,132,129,131,26.926.500,3.510.729.900,1.064
2020-07-14,0,132,129,129,28.317.800,3.671.494.100,977
2020-07-15,0,138,129,138,207.199.900,27.805.337.100,4.548
2020-07-16,0,141,132,134,132.395.700,17.906.533.800,3.439
2020-07-17,0,136,130,134,45.932.700,6.104.090.400,1.366
2020-07-20,0,138,130,131,192.171.200,25.598.834.400,5.596
2020-07-21,0,133,130,131,75.971.100,9.974.966.400,1.789
2020-07-22,0,133,129,129,54.658.500,7.094.727.500,1.729
2020-07-23,0,131,125,131,48.849.000,6.342.494.000,1.393
2020-07-24,0,131,127,128,70.528.200,9.053.845.000,1.883
2020-07-27,0,131,127,128,60.301.300,7.782.620.500,1.397
2020-07-28,0,130,127,127,28.434.900,3.634.431.600,789
2020-07-29,0,130,126,126,33.728.100,4.277.114.900,1.151
2020-07-30,0,129,122,123,59.749.600,7.383.464.500,2.142
2020-08-03,0,124,115,115,58.715.000,6.860.941.900,2.419
2020-08-04,0,118,112,114,26.097.300,3.003.371.900,1.363
2020-08-05,0,119,114,118,32.482.200,3.805.646.800,1.066
2020-08-06,0,122,118,120,17.947.900,2.154.222.800,1.212
2020-08-07,0,122,118,118,9.673.500,1.151.935.500,715
2020-08-10,0,120,117,117,10.480.100,1.233.383.100,754
2020-08-11,0,121,116,118,40.460.200,4.782.522.500,1.359
2020-08-12,0,124,117,120,86.445.900,10.433.775.500,2.39
2020-08-13,0,122,118,119,24.976.400,2.992.221.400,1.103
2020-08-14,0,121,118,118,13.918.700,1.657.317.900,777
2020-08-18,0,121,118,120,60.752.300,7.270.670.700,1.756
2020-08-19,0,122,118,118,44.480.500,5.335.459.500,1.369
2020-08-24,0,120,118,119,40.102.500,4.781.016.900,1.31
2020-08-25,0,127,120,126,133.265.700,16.505.144.000,3.527
2020-08-26,0,128,123,123,72.952.100,9.084.179.300,2.024
2020-08-27,0,133,121,129,470.846.000,60.601.744.000,8.89
2020-08-28,0,133,127,128,170.423.500,22.162.058.000,4.391
2020-08-31,0,132,123,125,193.724.300,24.808.542.300,4.742
2020-09-01,0,127,122,125,47.906.100,5.967.390.400,1.44
2020-09-02,0,128,125,126,50.931.800,6.421.361.600,1.365
2020-09-03,0,128,123,123,31.819.100,3.961.626.500,1.134
2020-09-04,0,123,119,121,56.772.800,6.851.747.900,1.919
2020-09-07,0,122,119,120,46.640.400,5.617.486.600,1.677
2020-09-08,0,124,120,123,48.342.800,5.918.380.000,1.7
2020-09-09,0,123,119,120,55.907.400,6.719.683.400,1.601
2020-09-10,0,120,112,112,70.257.800,7.914.254.400,1.747
2020-09-11,0,114,105,113,95.790.700,10.483.183.100,2.586
2020-09-14,0,119,111,118,53.198.800,6.233.379.700,1.429
2020-09-15,0,119,114,116,33.693.500,3.897.529.900,1.045
2020-09-16,0,121,115,116,75.766.500,8.876.456.300,1.666
2020-09-17,0,118,115,117,53.113.200,6.204.343.800,1.087
2020-09-18,0,137,118,131,938.565.200,122.768.643.500,17.908
2020-09-21,0,137,122,122,551.252.300,71.130.328.400,13.021
2020-09-22,0,120,114,116,267.652.200,31.231.102.700,5.346
2020-09-23,0,121,113,118,141.857.400,16.507.795.400,3.346
2020-09-24,0,117,112,113,118.841.000,13.548.834.000,2.719
2020-09-25,0,116,112,114,99.483.800,11.262.273.600,3.151
2020-09-28,0,116,112,113,72.597.200,8.249.305.000,1.956
2020-09-29,0,116,112,113,48.636.800,5.534.547.800,1.129
2020-09-30,0,114,108,111,61.999.400,6.847.646.400,1.954
2020-10-01,0,115,111,112,71.065.800,7.994.498.800,1.822
2020-10-02,0,114,109,110,56.207.100,6.220.292.400,1.516
2020-10-05,0,112,109,111,40.548.800,4.467.721.600,1.387
2020-10-06,0,114,111,111,39.987.700,4.497.480.000,1.565
2020-10-07,0,113,110,112,32.173.600,3.582.137.000,1.291
2020-10-08,0,114,111,113,84.580.800,9.546.079.400,2.058
2020-10-09,0,117,113,115,83.417.500,9.615.092.200,3.118
2020-10-12,0,121,116,117,132.957.300,15.723.841.600,4.197
2020-10-13,0,120,115,119,64.841.100,7.618.269.100,2.603
2020-10-14,0,123,117,121,121.808.800,14.692.491.000,2.752
2020-10-15,0,127,120,122,219.569.500,27.388.423.800,4.846
2020-10-16,0,124,119,120,45.695.800,5.521.039.500,1.548
2020-10-19,0,126,120,124,88.578.700,10.956.793.800,2.137
2020-10-20,0,125,120,121,41.436.500,5.055.872.100,1.556
2020-10-21,0,129,121,123,178.441.700,22.278.776.500,2.747
2020-10-22,0,160,123,151,2.325.510.500,342.460.909.300,44.306
2020-10-23,0,157,146,149,662.111.800,99.942.545.400,18.713
2020-10-26,0,166,147,156,861.444.300,136.594.307.800,20.947
2020-10-27,0,165,149,155,643.301.500,100.853.056.700,13.545
2020-11-02,0,162,151,156,268.653.000,42.342.375.100,7.502
2020-11-03,0,162,155,156,110.925.600,17.521.317.700,3.201
2020-11-04,0,159,148,149,165.263.300,25.064.976.000,5.067
2020-11-05,0,155,149,151,92.581.600,14.012.178.200,3.109
2020-11-06,0,157,151,154,217.040.000,33.606.643.100,6.188
2020-11-09,0,171,156,167,670.614.400,111.193.299.100,16.381
2020-11-10,0,177,163,167,294.803.900,49.407.240.900,9.231
2020-11-11,0,170,164,164,159.144.500,26.407.304.200,5.522
2020-11-12,0,166,159,161,105.047.300,17.022.899.400,4.385
2020-11-13,0,167,158,167,149.168.500,24.451.250.300,4.515
2020-11-16,0,184,167,179,571.680.200,101.426.278.500,17.306
2020-11-17,0,199,179,191,831.207.000,159.704.056.200,24.044
2020-11-18,0,198,191,194,226.141.800,44.063.832.800,8.382
2020-11-19,0,254,194,252,1.027.079.600,232.253.647.800,31.098
2020-11-20,0,254,236,236,767.717.600,184.792.557.800,30.382
2020-11-23,0,244,224,234,285.990.300,67.713.359.000,12.496
2020-11-24,0,242,232,234,194.267.500,46.106.876.800,8.294
2020-11-25,0,252,230,232,416.907.900,100.311.126.600,13.284
2020-11-26,0,238,230,234,87.383.400,20.404.959.600,4.595
2020-11-27,0,252,234,250,672.640.000,165.599.093.000,20.748
2020-11-30,0,264,234,236,618.809.900,154.234.505.600,25.609
2020-12-01,0,244,220,236,242.433.000,56.562.709.600,9.721
2020-12-02,0,246,232,240,179.261.200,42.932.216.200,6.701
2020-12-03,0,248,240,240,182.133.700,44.344.885.400,8.232
2020-12-04,0,242,232,236,73.778.000,17.454.282.000,4.241
2020-12-07,0,244,236,240,136.455.900,32.856.814.200,6.308
2020-12-08,0,246,234,238,148.220.900,35.768.237.000,7.163
2020-12-10,0,262,238,260,759.735.200,192.638.331.200,26.099
2020-12-11,0,272,250,254,405.201.600,105.496.558.800,16.455
2020-12-14,0,260,250,252,135.777.400,34.422.759.400,6.578
2020-12-15,0,262,246,252,191.946.600,48.723.860.000,8.185
2020-12-16,0,266,252,260,267.065.400,69.667.604.400,10.55
2020-12-17,0,282,258,268,625.113.000,169.817.332.400,21.057
2020-12-18,0,286,270,278,397.500.500,110.468.183.400,13.675
2020-12-21,0,304,280,288,381.185.500,111.424.214.800,15.717
2020-12-22,0,292,268,268,402.596.700,110.869.897.000,16.695
2020-12-23,0,276,250,262,303.485.300,79.112.549.200,10.86
2020-12-28,0,268,252,258,126.589.500,32.766.990.800,6.197
2020-12-29,0,274,254,256,225.122.100,59.433.325.800,9.298
2020-12-30,0,260,242,242,203.779.800,50.636.595.000,8.792
2021-01-04,0,252,228,252,212.933.600,51.463.342.400,8.822
2021-01-05,0,272,246,260,348.661.600,91.333.181.200,12.958
2021-01-06,0,268,244,254,181.408.000,46.491.348.600,7.658
2021-01-07,0,266,254,256,127.325.800,33.052.195.800,6.804
2021-01-08,0,262,254,256,114.901.600,29.662.718.800,5.43
2021-01-11,0,270,254,264,206.506.400,53.932.198.600,8.34
2021-01-12,0,282,258,278,478.322.700,130.046.875.800,15.199
2021-01-13,0,286,264,268,262.391.900,71.433.292.400,12.15
2021-01-14,0,272,256,258,162.289.600,42.406.574.400,7.856
2021-01-15,0,268,254,260,142.623.400,37.094.710.200,5.776
2021-01-18,0,266,242,246,196.196.300,49.126.620.800,8.334
2021-01-19,0,252,230,236,145.186.800,34.633.966.600,6.686
2021-01-20,0,246,232,238,105.900.000,25.422.362.400,4.719
2021-01-21,0,260,240,248,193.416.000,48.135.481.600,8.344
2021-01-22,0,252,232,234,137.473.100,32.688.008.800,6.567
2021-01-25,0,234,218,218,178.146.900,39.400.880.800,6.581
2021-01-26,0,220,204,204,159.992.900,33.448.841.600,6.406
2021-01-27,0,204,190,200,233.091.600,45.140.635.300,7.076
2021-01-28,0,200,186,186,124.848.000,23.764.615.700,4.937
2021-01-29,0,199,182,192,260.709.600,49.774.548.000,10.776
2021-02-01,0,220,186,220,248.204.200,50.451.425.300,11.16
2021-02-02,0,228,208,210,280.851.900,60.755.403.000,10.178
2021-02-03,0,216,204,212,77.686.800,16.502.813.800,4.134
2021-02-04,0,216,206,208,71.750.600,15.155.488.400,3.658
2021-02-05,0,220,208,218,69.432.800,14.900.378.000,3.668
2021-02-08,0,226,216,224,105.562.700,23.363.587.800,6.075
2021-02-09,0,250,224,236,631.039.700,150.817.052.000,23.595
2021-02-10,0,248,228,242,199.545.200,47.831.259.000,9.931
2021-02-11,0,244,236,236,76.331.200,18.233.980.200,5.014
2021-02-15,0,256,236,248,267.609.400,66.199.535.400,13.011
2021-02-16,0,252,242,244,101.395.700,25.062.507.000,6.675
2021-02-17,0,254,232,238,230.615.500,56.277.285.800,11.101
2021-02-18,0,248,238,244,244.150.700,59.602.105.400,9.701
2021-02-19,0,256,236,244,338.648.900,84.024.786.400,14.351
2021-02-22,0,250,240,240,109.181.300,26.590.031.400,6.473
2021-02-23,0,246,238,240,51.648.000,12.449.168.400,3.263
2021-02-24,0,242,232,240,54.443.800,12.930.440.800,3.944
2021-02-25,0,244,236,238,56.223.300,13.442.363.000,3.38
2021-02-26,0,238,226,236,87.412.500,20.386.374.200,5.115
2021-03-01,0,260,236,254,700.666.500,176.381.052.000,23.625
2021-03-02,0,266,252,252,431.826.200,111.920.808.400,18.892
2021-03-03,0,256,238,244,138.299.400,34.181.143.800,8.742
2021-03-04,0,246,236,240,83.090.600,20.017.695.000,4.989
2021-03-05,0,242,232,238,54.536.200,12.951.611.200,3.402
2021-03-08,0,246,236,236,62.113.800,14.829.918.800,3.812
2021-03-09,0,240,222,230,142.610.200,32.911.117.400,6.367
2021-03-10,0,244,224,236,147.863.100,35.173.511.600,6.752
2021-03-12,0,252,236,250,292.010.800,72.156.026.600,12.111
2021-03-15,0,256,248,248,136.293.500,34.305.330.400,8.15
2021-03-16,0,252,244,244,42.698.000,10.544.285.400,3.463
2021-03-17,0,248,242,244,35.566.600,8.683.632.400,2.555
2021-03-18,0,248,242,246,33.954.700,8.311.221.200,2.207
2021-03-19,0,246,238,238,59.821.200,14.401.987.800,3.945
2021-03-22,0,244,236,238,46.926.400,11.237.896.600,3.299
2021-03-23,0,242,232,234,65.157.600,15.302.696.200,3.762
2021-03-24,0,236,230,232,41.837.900,9.702.439.400,2.742
2021-03-25,0,236,224,232,69.830.800,16.068.692.000,3.065
2021-03-26,0,238,230,236,44.091.400,10.337.809.200,2.813
2021-03-29,0,240,232,232,32.194.200,7.563.555.600,2.478
2021-03-30,0,234,222,224,62.447.900,14.102.355.000,3.488
2021-03-31,0,230,210,212,134.438.500,28.851.129.800,5.082
2021-04-01,0,218,212,216,27.348.400,5.867.148.600,1.714
2021-04-05,0,220,212,214,30.277.000,6.510.862.800,1.992
2021-04-06,0,218,212,216,35.693.100,7.653.970.800,1.918
2021-04-07,0,216,212,214,17.951.600,3.839.046.800,1.258
2021-04-08,0,228,212,222,78.338.900,17.332.590.600,3.366
2021-04-09,0,226,218,218,25.404.600,5.589.993.400,1.902
2021-04-12,0,218,204,206,83.137.700,17.397.011.200,4.101
2021-04-13,0,208,198,204,27.300.600,5.531.532.300,2.167
2021-04-14,0,208,202,204,37.124.200,7.626.743.200,1.725
2021-04-15,0,208,204,206,17.587.900,3.618.188.800,1.048
2021-04-16,0,208,204,206,18.720.900,3.858.303.600,1.184
2021-04-19,0,206,200,202,21.265.500,4.309.355.200,1.76
2021-04-20,0,208,200,204,34.980.400,7.166.895.600,1.915
2021-04-21,0,204,202,202,22.920.100,4.635.853.200,1.531
2021-04-22,0,204,198,199,25.597.400,5.126.294.300,2.059
2021-04-23,0,206,198,202,49.751.600,10.018.202.800,2.426
2021-04-26,0,204,199,200,19.692.900,3.947.042.500,1.483
2021-04-27,0,202,198,199,19.711.500,3.930.080.600,1.41
2021-04-28,0,202,198,198,20.403.500,4.051.151.500,1.696
2021-04-29,0,206,197,200,52.294.600,10.519.427.700,2.513
2021-04-30,0,202,198,198,29.629.100,5.894.996.300,1.66
2021-05-03,0,199,193,194,34.067.700,6.645.996.600,2.86
2021-05-04,0,195,187,190,51.349.800,9.762.506.900,3.2
2021-05-05,0,194,189,193,49.791.500,9.579.146.600,2.403
2021-05-06,0,198,193,194,33.186.900,6.480.571.200,2.42
2021-05-07,0,196,191,191,18.346.700,3.536.518.200,1.647
2021-05-10,0,196,191,194,20.453.700,3.966.663.500,1.55
2021-05-11,0,194,192,192,10.361.100,1.996.208.200,1.072
2021-05-17,0,194,186,186,39.176.400,7.380.517.400,2.725
2021-05-18,0,189,182,184,19.286.800,3.552.035.900,1.934
2021-05-19,0,185,179,179,21.638.800,3.910.887.000,1.903
2021-05-20,0,184,179,180,14.482.500,2.617.650.200,1.445
2021-05-21,0,182,168,168,45.461.300,7.864.321.100,2.9
2021-05-22,0,226,178,208,5.278.800,1.057.656.000,262
2021-05-24,0,172,166,167,24.960.000,4.215.906.000,1.922
2021-05-25,0,174,166,169,35.138.400,6.015.327.700,2.004
2021-05-27,0,180,169,179,37.094.300,6.554.796.500,2.524
2021-05-28,0,182,176,179,18.986.500,3.390.457.800,1.72
2021-05-31,0,187,180,181,44.502.000,8.140.288.800,2.862
2021-06-02,0,185,181,184,29.394.400,5.397.609.600,2.06
2021-06-03,0,193,184,191,48.559.700,9.242.993.800,3.466
2021-06-04,0,196,187,188,52.276.600,10.009.122.200,3.962
2021-06-07,0,192,186,187,22.193.400,4.169.895.500,1.88
2021-06-08,0,188,183,184,19.038.700,3.510.605.200,1.752
2021-06-09,0,185,181,182,18.924.900,3.454.379.000,1.465
2021-06-10,0,190,181,186,23.456.700,4.345.555.100,1.804
2021-06-11,0,190,184,185,16.534.900,3.068.741.500,1.297
2021-06-14,0,204,184,198,293.777.400,58.192.935.800,14.418
2021-06-15,0,202,190,191,60.153.500,11.629.728.500,5.261
2021-06-16,0,192,185,187,81.690.900,15.407.733.900,3.582
2021-06-17,0,187,180,180,40.858.100,7.441.931.900,3.022
2021-06-18,0,180,168,172,71.600.800,12.360.177.000,3.917
2021-06-21,0,171,166,170,28.309.000,4.751.629.500,1.657
2021-06-22,0,177,170,175,23.343.200,4.072.765.000,1.85
2021-06-23,0,179,172,172,16.074.700,2.812.310.700,1.707
2021-06-24,0,175,169,170,14.367.300,2.459.572.100,1.318
2021-06-25,0,173,165,168,21.318.700,3.586.026.000,1.655
2021-06-28,0,170,158,158,43.433.500,7.003.636.600,3.033
2021-06-29,0,163,157,159,16.964.300,2.713.931.600,1.59
2021-06-30,0,162,158,160,13.011.500,2.085.592.300,1.114
2021-07-01,0,163,159,160,14.633.400,2.346.330.800,1.042
2021-07-02,0,163,159,160,15.230.100,2.448.590.500,1.187
2021-07-05,0,163,160,160,8.428.000,1.352.544.400,1.177
2021-07-06,0,163,160,162,13.699.900,2.214.205.000,1.183
2021-07-07,0,165,160,161,11.727.600,1.896.883.400,1.126
2021-07-08,0,162,160,161,10.097.500,1.625.140.500,1.08
2021-07-09,0,163,158,158,16.535.700,2.639.130.500,1.383
2021-07-12,0,163,158,163,32.805.400,5.272.971.100,1.693
2021-07-13,0,174,159,159,81.167.500,13.461.475.000,4.453
2021-07-14,0,160,156,158,20.453.100,3.227.832.600,1.557
2021-07-15,0,160,157,157,6.130.100,968.131.400,787
2021-07-16,0,159,157,157,9.941.400,1.567.817.300,761
2021-07-19,0,159,154,155,13.508.700,2.094.766.800,1.498
2021-07-21,0,162,154,160,30.590.400,4.866.759.700,1.677
2021-07-22,0,165,160,165,32.626.500,5.342.595.400,2.223
2021-07-23,0,168,162,164,13.298.600,2.173.983.100,1.373
2021-07-26,0,166,161,162,15.235.500,2.466.144.600,1.107
2021-07-27,0,163,158,159,12.112.200,1.940.310.600,1.193
2021-07-28,0,161,156,156,11.676.100,1.841.241.300,1.127
2021-07-29,0,161,155,160,18.773.300,2.977.627.900,1.325
2021-07-30,0,163,156,156,12.314.100,1.951.917.000,1.298
2021-08-02,0,159,155,157,10.164.800,1.593.936.000,983
2021-08-03,0,161,156,160,17.887.700,2.831.930.200,1.282
2021-08-04,0,163,158,161,22.291.300,3.577.738.000,1.451
2021-08-05,0,168,161,163,56.914.900,9.343.115.500,4.066
2021-08-06,0,166,159,160,27.472.800,4.434.129.400,1.925
2021-08-09,0,167,160,161,44.449.000,7.231.269.500,2.824
2021-08-10,0,163,158,160,15.478.500,2.468.251.900,1.174
2021-08-12,0,162,159,159,11.219.800,1.799.826.800,1.063
2021-08-13,0,161,157,158,14.185.000,2.242.766.600,1.191
2021-08-16,0,160,155,156,18.758.600,2.931.572.400,1.225
2021-08-18,0,160,148,159,63.592.600,9.880.298.400,3.19
2021-08-19,0,161,152,152,28.672.500,4.487.991.000,2.293
2021-08-20,0,156,151,152,18.651.700,2.857.378.300,1.182
2021-08-23,0,159,152,159,19.292.100,3.008.730.300,1.454
2021-08-24,0,164,159,160,26.849.600,4.330.347.000,2.046
2021-08-25,0,163,160,160,12.612.700,2.038.169.000,1.151
2021-08-26,0,161,157,157,8.152.500,1.289.000.400,940
2021-08-27,0,160,154,155,13.370.000,2.086.061.500,1.143
2021-08-30,0,161,155,161,15.573.700,2.476.549.100,1.322
2021-08-31,0,163,159,162,16.158.300,2.601.103.400,1.12
2021-09-01,0,163,159,160,9.605.200,1.545.123.500,882
2021-09-02,0,172,160,172,112.378.900,18.869.986.200,6.148
2021-09-03,0,189,168,172,366.475.100,65.817.246.400,19.705
2021-09-06,0,182,169,177,83.716.300,14.707.995.100,5.236
2021-09-07,0,181,173,176,46.186.500,8.179.470.300,3.095
2021-09-08,0,183,176,177,74.386.200,13.297.138.000,3.755
2021-09-09,0,180,169,172,45.648.400,7.927.076.800,3.029
2021-09-10,0,175,171,172,12.133.500,2.098.623.700,1.199
2021-09-13,0,173,170,172,19.219.900,3.292.811.700,1.31
2021-09-14,0,184,172,183,129.069.600,23.237.430.200,5.674
2021-09-15,0,186,178,179,74.588.900,13.556.876.100,4.305
2021-09-16,0,182,178,178,24.420.400,4.382.314.500,1.931
2021-09-17,0,180,175,176,32.427.000,5.720.911.100,2.038
2021-09-20,0,177,164,165,90.668.200,15.231.524.700,5.34
2021-09-21,0,168,161,167,22.459.700,3.700.182.200,1.819
2021-09-22,0,174,167,169,27.118.100,4.618.967.600,2.024
2021-09-23,0,172,168,171,17.305.800,2.943.026.500,1.38
2021-09-24,0,172,167,167,18.642.200,3.133.409.100,1.589
2021-09-27,0,169,165,168,11.092.500,1.853.510.200,1.053
2021-09-28,0,170,164,164,27.140.700,4.502.748.000,1.685
2021-09-29,0,169,162,167,16.943.700,2.808.496.700,1.433
2021-09-30,0,172,168,169,41.941.100,7.121.601.100,2.756
2021-10-01,0,181,168,176,133.875.000,23.587.403.800,6.393
2021-10-04,0,194,176,190,224.497.500,42.122.606.100,11.127
2021-10-05,0,192,184,186,101.276.000,18.895.686.900,5.926
2021-10-06,0,194,186,188,105.501.700,19.963.204.700,5.623
2021-10-07,0,193,185,186,49.478.200,9.277.863.100,2.962
2021-10-08,0,198,187,190,185.400.100,35.804.227.600,8.892
2021-10-11,0,194,189,189,52.551.200,10.027.640.800,4.072
2021-10-12,0,204,188,197,193.820.700,38.332.665.900,10.056
2021-10-13,0,200,193,194,59.625.100,11.610.343.200,4.176
2021-10-14,0,202,193,195,95.057.300,18.689.450.000,10.752
2021-10-15,0,197,193,196,30.855.200,6.011.780.800,2.057
2021-10-18,0,204,194,204,98.020.000,19.590.898.200,4.423
2021-10-19,0,208,197,200,92.409.600,18.655.247.000,5.231
2021-10-21,0,204,196,196,61.541.000,12.213.451.300,3.291
2021-10-22,0,198,189,196,62.297.500,12.034.933.500,3.251
2021-10-25,0,198,189,189,49.669.300,9.538.995.200,3.334
2021-10-26,0,191,188,188,30.604.600,5.794.074.100,1.932
2021-10-27,0,192,185,185,33.543.800,6.287.853.400,2.267
2021-10-28,0,187,176,178,72.160.300,12.991.819.000,3.576
2021-10-29,0,184,178,182,34.811.300,6.331.351.600,1.642
2021-11-01,0,188,182,187,31.573.500,5.887.126.900,2.402
2021-11-02,0,190,182,182,23.515.900,4.354.985.200,2.247
2021-11-03,0,188,181,187,16.830.300,3.114.572.100,1.362
2021-11-04,0,189,186,187,15.556.200,2.916.854.500,1.394
2021-11-05,0,188,183,186,16.436.300,3.038.523.400,1.381
2021-11-08,0,188,184,185,10.876.600,2.012.491.200,1.104
2021-11-09,0,193,185,188,50.892.400,9.645.374.400,3.602
2021-11-10,0,190,186,187,15.182.400,2.844.665.500,1.386
2021-11-11,0,189,185,188,25.051.400,4.689.193.800,1.378
2021-11-12,0,191,186,187,27.043.300,5.093.454.500,1.723
2021-11-15,0,189,183,183,18.612.600,3.430.283.700,1.623
2021-11-16,0,186,182,184,10.210.900,1.879.676.300,988
2021-11-17,0,187,184,184,14.631.400,2.707.933.000,988
2021-11-18,0,187,183,184,10.384.700,1.920.972.200,974
2021-11-19,0,186,182,184,16.729.200,3.069.341.500,1.217
2021-11-22,0,187,182,184,12.465.800,2.306.881.100,1.252
2021-11-23,0,187,184,185,20.547.200,3.804.682.000,1.04
2021-11-24,0,192,185,188,59.437.400,11.195.204.600,3.463
2021-11-25,0,190,185,185,29.109.300,5.465.737.900,1.942
2021-11-26,0,186,178,179,46.375.300,8.434.001.000,2.505
2021-11-29,0,179,171,175,29.309.500,5.117.529.800,2.096
2021-11-30,0,178,172,172,21.476.600,3.746.548.600,1.486
2021-12-01,0,173,165,167,27.707.800,4.652.623.300,2
2021-12-02,0,169,161,169,14.811.900,2.447.528.300,1.261
2021-12-03,0,173,166,170,14.930.200,2.533.141.700,1.391
2021-12-06,0,172,167,168,8.420.400,1.420.578.600,1.014
2021-12-07,0,172,168,171,9.984.600,1.702.207.200,761
2021-12-08,0,175,170,171,17.707.000,3.050.146.800,1.249
2021-12-09,0,174,171,172,8.395.300,1.446.679.300,793
2021-12-10,0,173,171,171,5.013.700,860.295.100,708
2021-12-13,0,174,170,172,7.623.000,1.311.062.900,862
2021-12-14,0,172,168,171,10.233.400,1.727.790.200,1.056
2021-12-15,0,171,168,169,3.896.700,660.092.600,662
2021-12-16,0,171,166,168,6.883.400,1.155.213.300,769
2021-12-17,0,169,167,168,5.372.500,901.197.600,556
2021-12-20,0,168,161,162,16.964.400,2.783.235.300,1.504
2021-12-21,0,164,160,163,10.408.900,1.684.343.100,963
2021-12-22,0,167,163,163,12.391.900,2.035.016.000,657
2021-12-23,0,164,160,162,6.965.600,1.129.077.800,626
2021-12-24,0,165,162,162,4.007.900,651.922.800,553
2021-12-27,0,165,162,163,6.855.500,1.119.543.900,708
2021-12-28,0,166,163,165,8.036.500,1.324.663.400,723
2021-12-29,0,166,162,162,5.666.600,922.587.200,799
2021-12-30,0,164,161,162,5.784.400,934.229.100,543
2022-01-03,0,165,162,164,5.491.400,895.161.700,812
2022-01-04,0,169,164,166,11.618.400,1.934.685.900,1.137
2022-01-05,0,168,163,164,5.577.900,916.977.700,682
2022-01-06,0,164,162,163,4.743.000,771.706.400,632
2022-01-07,0,165,161,163,5.881.400,954.975.300,663
2022-01-10,0,165,162,162,5.804.400,943.225.700,691
2022-01-11,0,163,156,157,19.744.300,3.133.020.600,1.372
2022-01-12,0,159,153,154,10.899.000,1.690.043.600,1.323
2022-01-13,0,155,146,153,15.232.200,2.291.703.800,1.196
2022-01-14,0,155,151,153,8.209.400,1.252.299.500,769
2022-01-17,0,155,150,150,10.918.200,1.652.620.400,845
2022-01-18,0,151,145,146,17.935.200,2.648.547.400,1.291
2022-01-19,0,147,136,140,15.233.800,2.168.888.400,1.126
2022-01-20,0,144,137,143,8.479.700,1.194.522.700,836
2022-01-21,0,149,143,149,12.321.100,1.809.511.700,1.121
2022-01-24,0,149,146,147,4.187.700,616.737.900,834
2022-01-25,0,149,142,143,8.919.900,1.290.082.300,846
2022-01-26,0,146,140,143,4.216.300,600.488.200,813
2022-01-27,0,145,142,145,7.727.200,1.107.444.100,390
2022-01-28,0,150,141,144,11.333.500,1.654.899.100,4.261
2022-01-31,0,149,143,147,6.906.600,1.012.665.900,734
2022-02-02,0,154,147,153,35.017.700,5.309.666.100,3.028
2022-02-03,0,155,150,152,26.232.500,3.995.728.700,1.216
2022-02-04,0,157,150,154,16.218.300,2.504.946.800,3.898
2022-02-07,0,157,154,155,9.825.900,1.528.195.900,806
2022-02-08,0,158,154,155,8.535.700,1.328.659.600,753
2022-02-09,0,157,153,155,7.879.900,1.218.915.100,838
2022-02-10,0,159,155,157,18.279.200,2.866.597.800,5.718
2022-02-11,0,159,154,154,10.630.800,1.649.490.900,898
2022-02-14,0,154,150,152,9.439.100,1.433.206.500,924
2022-02-15,0,154,150,152,5.834.800,883.017.100,728
2022-02-16,0,163,152,162,39.488.800,6.294.148.800,2.889
2022-02-17,0,165,160,162,16.568.900,2.679.093.600,1.68
2022-02-18,0,167,160,164,23.307.900,3.827.091.800,1.983
2022-02-21,0,165,161,162,8.740.700,1.424.660.900,1.167
2022-02-22,0,163,158,160,9.748.200,1.555.846.000,1.071
2022-02-23,0,161,159,159,7.358.000,1.173.838.700,1.057
2022-02-24,0,165,149,151,41.772.100,6.483.491.400,8.468
2022-02-25,0,156,148,152,11.606.600,1.774.006.900,5.699
2022-03-01,0,155,151,152,10.039.500,1.531.434.100,907
2022-03-02,0,153,149,149,10.285.800,1.549.482.000,785
2022-03-04,0,151,149,150,8.604.400,1.288.920.200,816
2022-03-07,0,151,144,145,11.086.000,1.616.380.800,1.177
2022-03-08,0,154,144,152,19.366.900,2.931.539.300,1.518
2022-03-09,0,164,151,163,58.658.700,9.427.545.700,3.863
2022-03-10,0,168,160,160,33.174.300,5.418.046.200,2.27
2022-03-11,0,164,156,163,22.427.700,3.605.721.500,4.799
2022-03-14,0,167,159,161,23.326.100,3.826.007.000,1.966
2022-03-15,0,164,154,155,21.453.300,3.372.238.200,1.702
2022-03-16,0,160,155,157,9.567.500,1.504.916.000,2.278
2022-03-17,0,162,157,157,16.928.300,2.696.635.700,1.417
2022-03-18,0,160,155,155,8.189.700,1.284.260.800,972
2022-03-21,0,158,154,157,4.699.700,732.482.800,819
2022-03-22,0,168,156,164,66.036.300,10.811.512.300,7.819
2022-03-23,0,166,161,162,22.321.600,3.642.131.000,1.731
2022-03-24,0,174,161,170,115.920.100,19.667.536.600,6.436
2022-03-25,0,173,168,169,33.236.300,5.645.849.200,2.5
2022-03-28,0,173,169,171,22.306.200,3.815.679.300,1.752
2022-03-29,0,176,171,173,37.773.400,6.558.985.000,2.296
2022-03-30,0,174,170,171,17.311.500,2.961.592.300,1.184
2022-03-31,0,171,168,170,15.513.700,2.628.219.400,1.057
2022-04-01,0,174,169,172,21.281.100,3.641.970.400,3.024
2022-04-04,0,172,164,167,27.627.100,4.598.774.800,2.29
2022-04-05,0,172,168,170,15.195.400,2.578.271.700,1.189
2022-04-06,0,180,170,173,97.724.100,17.229.795.800,5.07
2022-04-07,0,175,168,171,29.915.200,5.092.389.700,1.961
2022-04-08,0,172,168,168,22.327.500,3.783.411.000,1.44
2022-04-11,0,170,158,159,53.638.900,8.707.496.700,2.929
2022-04-12,0,164,158,162,21.372.800,3.441.954.200,1.452
2022-04-13,0,164,162,163,8.413.800,1.369.887.500,1.272
2022-04-14,0,165,162,164,4.681.400,767.914.700,769
2022-04-18,0,168,161,167,30.623.500,5.092.981.200,1.995
2022-04-19,0,170,164,165,16.221.400,2.702.755.400,1.407
2022-04-20,0,166,162,165,16.348.600,2.675.829.900,2.844
2022-04-21,0,169,164,165,11.088.500,1.844.447.900,807
2022-04-22,0,165,161,162,11.712.300,1.904.288.100,1.334
2022-04-25,0,163,156,158,20.584.900,3.244.867.100,1.37
2022-04-26,0,162,154,161,23.943.500,3.770.550.900,3.101
2022-04-27,0,161,157,158,7.220.300,1.143.588.400,610
2022-04-28,0,163,158,159,13.670.900,2.182.290.900,5.014
2022-05-09,0,159,153,155,20.709.100,3.218.376.900,1.762
2022-05-10,0,155,150,154,11.246.000,1.713.082.700,1.365
2022-05-11,0,159,152,157,9.543.600,1.493.344.500,897
2022-05-12,0,157,151,152,9.859.200,1.513.788.400,882
2022-05-13,0,155,150,152,10.579.400,1.609.873.100,2.706
2022-05-17,0,154,151,152,5.928.700,902.993.000,704
2022-05-18,0,154,152,153,3.881.300,594.489.900,619
2022-05-19,0,153,149,150,13.243.700,1.989.936.900,1.069
2022-05-20,0,155,150,154,13.289.800,2.037.713.800,1.103
2022-05-23,0,159,153,154,8.952.600,1.392.812.600,1.078
2022-05-24,0,158,153,158,9.508.500,1.488.298.100,1.053
2022-05-25,0,161,157,160,16.283.000,2.593.278.700,1.679
2022-05-27,0,165,160,165,22.823.200,3.726.724.300,1.609
2022-05-30,0,168,163,166,19.263.600,3.178.364.200,1.392
2022-05-31,0,170,165,166,22.553.900,3.789.281.700,1.473
2022-06-02,0,172,163,170,33.565.800,5.683.450.200,2.094
2022-06-03,0,172,169,171,15.075.400,2.576.111.100,1.153
2022-06-06,0,187,171,184,168.060.700,30.455.205.100,9.243
2022-06-07,0,186,177,179,63.693.000,11.446.523.800,4.581
2022-06-08,0,185,179,182,45.752.200,8.337.268.300,3.076
2022-06-09,0,192,180,181,102.359.800,19.103.187.700,6.953
2022-06-10,0,182,175,179,40.877.900,7.271.934.100,2.889
2022-06-13,0,179,167,167,53.350.400,9.109.336.000,3.742
2022-06-14,0,169,161,169,20.911.700,3.492.581.700,1.943
2022-06-15,0,175,161,162,47.093.500,7.848.803.400,3.556
2022-06-16,0,168,162,162,21.450.200,3.520.064.100,1.426
2022-06-17,0,164,158,163,17.796.500,2.862.039.200,1.786
2022-06-20,0,167,161,164,17.860.500,2.920.781.500,1.281
2022-06-21,0,167,164,166,13.138.800,2.173.178.800,997
2022-06-22,0,170,165,169,20.608.500,3.447.234.500,1.485
2022-06-23,0,170,163,165,12.936.200,2.151.664.100,1.155
2022-06-24,0,168,164,166,14.220.200,2.365.410.700,779
2022-06-27,0,174,167,174,35.104.400,6.016.102.400,2.209
2022-06-28,0,176,171,175,22.405.700,3.896.597.200,1.974
2022-06-29,0,179,173,177,27.034.100,4.775.872.900,2.205
2022-06-30,0,180,168,169,17.202.600,2.993.034.100,1.981
2022-07-01,0,170,161,163,16.029.800,2.645.512.100,1.821
2022-07-04,0,164,157,158,19.321.200,3.080.009.800,1.665
2022-07-05,0,164,158,162,17.248.900,2.786.326.900,1.372
2022-07-06,0,166,161,162,14.020.200,2.288.772.200,1.957
2022-07-07,0,165,162,163,7.308.500,1.191.671.800,1.159
2022-07-08,0,164,160,160,12.944.400,2.090.997.700,1.148
2022-07-11,0,165,160,163,14.459.200,2.355.799.900,945
2022-07-12,0,164,159,160,19.640.700,3.149.666.800,1.537
2022-07-13,0,162,159,160,11.263.600,1.803.520.100,966
2022-07-14,0,160,158,160,9.862.700,1.573.940.000,900
2022-07-15,0,161,159,160,9.376.300,1.499.340.100,637
2022-07-18,0,161,159,160,5.695.600,909.096.000,780
2022-07-19,0,161,159,161,18.955.500,3.033.819.800,768
2022-07-20,0,163,159,160,74.147.500,11.878.271.300,2.722
2022-07-21,0,162,150,161,22.303.800,3.574.136.700,1.105
2022-07-22,0,162,160,160,21.224.600,3.417.719.200,1.204
2022-07-25,0,164,160,160,17.699.900,2.854.614.600,1.003
2022-07-26,0,163,159,160,35.930.400,5.777.788.700,7.458
2022-07-27,0,160,158,160,12.289.200,1.953.151.500,1.136
2022-07-28,0,166,159,163,55.945.000,9.090.444.900,7.677
2022-07-29,0,167,163,166,25.190.400,4.165.358.900,1.962
2022-08-01,0,172,166,170,33.286.300,5.641.129.800,2.256
2022-08-02,0,170,166,169,15.343.500,2.572.580.200,1.325
2022-08-03,0,175,167,173,32.466.000,5.596.551.600,2.191
2022-08-04,0,175,172,173,11.233.000,1.940.719.900,.912
2022-08-05,0,174,171,173,8.863.800,1.530.480.100,834
2022-08-08,0,178,172,175,25.186.900,4.401.413.400,1.361
2022-08-09,0,179,173,174,32.470.700,5.738.089.300,1.756
2022-08-10,0,176,169,171,18.076.000,3.079.790.200,1.123
2022-08-11,0,177,171,175,32.525.500,5.662.047.500,6.897
2022-08-12,0,178,174,176,24.450.200,4.307.963.700,1.512
2022-08-15,0,182,176,180,49.330.300,8.910.021.200,2.477
2022-08-16,0,185,180,180,43.009.300,7.844.937.900,2.314
2022-08-18,0,185,180,182,18.330.200,3.347.697.100,1.385
2022-08-19,0,183,177,178,19.115.300,3.423.028.000,1.491
2022-08-22,0,178,172,172,20.749.500,3.593.605.000,1.493
2022-08-23,0,176,166,174,29.032.400,5.016.890.600,1.523
2022-08-24,0,178,174,177,10.597.900,1.864.880.000,783
2022-08-25,0,180,173,180,22.252.800,3.946.411.900,1.315
2022-08-26,0,190,177,182,36.726.200,6.672.905.500,2.068
2022-08-29,0,182,177,181,23.714.500,4.244.927.000,1.528
2022-08-30,0,183,178,178,12.454.400,2.247.964.500,1.059
2022-08-31,0,181,177,180,7.959.700,1.424.167.900,677
2022-09-01,0,182,178,179,6.194.800,1.114.408.500,586
2022-09-02,0,180,177,178,6.263.700,1.116.355.900,725
2022-09-05,0,179,175,176,12.352.400,2.177.173.000,989
2022-09-06,0,186,175,181,69.085.000,12.575.849.300,5.798
2022-09-07,0,184,180,181,20.539.400,3.731.722.700,1.4
2022-09-08,0,189,179,183,89.380.200,16.518.696.100,3.658
2022-09-09,0,185,181,183,17.824.100,3.257.981.600,1.278
2022-09-12,0,197,183,195,160.747.200,30.838.982.100,8.173
2022-09-13,0,197,190,192,51.441.300,9.898.325.600,3.339
2022-09-14,0,195,186,191,51.552.500,9.853.211.100,2.666
2022-09-15,0,196,188,191,103.948.200,19.936.208.800,8.806
2022-09-16,0,194,188,188,52.430.200,9.979.340.300,2.975
2022-09-19,0,192,187,190,28.284.300,5.362.914.300,1.648
2022-09-20,0,192,186,186,24.398.400,4.598.714.200,1.677
2022-09-21,0,188,180,180,33.153.800,6.043.485.900,2.5
2022-09-22,0,184,176,183,23.870.500,4.318.349.000,1.533
2022-09-23,0,186,182,182,11.260.300,2.066.584.400,950
2022-09-26,0,185,176,178,20.017.600,3.554.723.400,1.631
2022-09-27,0,181,175,179,17.206.500,3.058.877.200,1.132
2022-09-28,0,180,172,172,29.982.800,5.225.882.600,1.912
2022-09-29,0,175,168,171,29.335.200,5.017.621.800,1.392
2022-09-30,0,172,166,169,14.139.800,2.390.188.300,1.192
2022-10-03,0,176,169,173,14.356.100,2.486.744.600,1.144
2022-10-04,0,177,173,175,7.290.700,1.281.838.800,703
2022-10-05,0,177,174,175,6.201.300,1.087.879.000,805
2022-10-06,0,176,173,175,2.936.400,513.822.300,440
2022-10-07,0,176,173,173,7.778.900,1.354.495.600,717
2022-10-10,0,176,172,174,9.005.700,1.566.703.800,585
2022-10-11,0,175,171,172,6.616.000,1.143.362.900,722
2022-10-12,0,175,169,172,13.102.200,2.241.712.600,892
2022-10-13,0,172,169,169,11.333.700,1.928.008.300,1.16
2022-10-14,0,172,169,170,7.995.300,1.361.727.900,921
2022-10-17,0,172,163,165,27.339.900,4.528.890.000,1.6
2022-10-18,0,174,165,168,31.884.100,5.414.007.500,15.268
2022-10-19,0,169,165,167,11.471.500,1.911.861.500,964
2022-10-20,0,170,166,168,10.185.900,1.707.542.000,1.207
2022-10-21,0,171,168,169,6.311.600,1.071.358.400,907
2022-10-24,0,172,169,171,4.371.600,742.612.000,602
2022-10-25,0,174,169,171,18.176.500,3.115.743.200,1.593
2022-10-26,0,173,169,169,12.387.000,2.101.765.900,1.032
2022-10-27,0,171,168,169,8.843.700,1.494.469.900,749
2022-10-28,0,178,169,177,77.124.100,13.449.965.500,16.801
2022-10-31,0,179,173,174,29.468.100,5.154.579.200,2.401
2022-11-01,0,178,173,175,19.777.500,3.463.671.800,1.421
2022-11-02,0,177,170,170,12.606.900,2.178.392.100,1.487
2022-11-03,0,173,169,172,9.928.700,1.697.790.100,1.153
2022-11-04,0,171,165,168,24.202.800,4.070.544.300,1.498
2022-11-07,0,171,167,171,16.973.600,2.886.413.900,791
2022-11-08,0,172,169,172,5.773.800,987.862.700,654
2022-11-09,0,176,171,173,19.107.500,3.323.747.500,1.482
2022-11-10,0,174,168,168,23.187.200,3.941.140.200,1.51
2022-11-11,0,173,169,171,10.612.300,1.807.722.600,775
2022-11-14,0,173,170,173,9.043.000,1.554.031.200,738
2022-11-15,0,174,170,170,4.298.000,737.910.600,655
2022-11-16,0,172,169,169,5.687.800,966.234.700,568
2022-11-17,0,170,167,170,8.118.700,1.368.082.500,838
2022-11-18,0,171,169,169,3.942.800,670.189.400,487
2022-11-21,0,172,168,171,4.059.100,692.239.500,586
2022-11-22,0,172,170,170,3.184.600,542.612.500,498
2022-11-23,0,173,168,171,9.782.500,1.674.270.000,811
2022-11-24,0,182,172,179,86.634.900,15.478.861.200,3.928
2022-11-25,0,182,176,176,18.383.400,3.294.243.000,1.576
2022-11-28,0,180,176,176,15.209.200,2.701.618.700,1.388
2022-11-29,0,180,176,179,7.845.200,1.393.887.700,718
2022-11-30,0,180,177,177,14.872.300,2.650.439.700,1.014
2022-12-01,0,182,178,181,17.130.200,3.088.508.300,1.146
2022-12-02,0,182,177,178,7.613.500,1.359.150.700,763
2022-12-05,0,180,173,173,15.207.600,2.666.102.300,1.304
2022-12-06,0,174,166,167,28.031.200,4.710.305.300,1.771
2022-12-07,0,169,165,168,7.217.100,1.207.136.300,681
2022-12-08,0,171,165,170,7.725.100,1.288.821.500,672
2022-12-09,0,170,166,166,7.183.200,1.197.355.400,740
2022-12-12,0,170,165,166,23.993.400,4.033.622.500,16.685
2022-12-13,0,168,165,167,8.015.800,1.332.673.600,762
2022-12-14,0,169,166,166,4.894.300,817.227.300,595
2022-12-15,0,168,165,167,2.513.800,418.067.800,556
2022-12-16,0,169,166,169,7.116.900,1.195.060.700,598
2022-12-19,0,170,167,167,3.329.700,560.329.400,839
2022-12-20,0,169,166,168,1.688.900,282.703.000,495
2022-12-21,0,169,165,167,10.409.700,1.730.864.600,549
2022-12-22,0,169,165,166,4.016.900,667.217.100,482
2022-12-23,0,166,164,165,5.100.500,839.277.400,621
2022-12-26,0,166,160,163,8.722.800,1.416.523.800,778
2022-12-27,0,165,161,164,3.688.700,600.850.100,534
2022-12-28,0,165,162,163,13.949.800,2.264.187.300,602
2022-12-29,0,164,162,162,2.456.000,398.424.700,543
2022-12-30,0,163,160,160,9.577.800,1.541.742.400,780
2023-01-02,0,162,159,160,4.211.300,674.169.200,513
2023-01-03,0,163,160,160,2.399.000,385.346.200,479
2023-01-04,0,163,158,159,5.386.800,859.117.200,807
2023-01-05,0,160,153,154,13.835.500,2.147.329.800,1.175
2023-01-06,0,154,151,153,9.334.200,1.427.967.500,549
2023-01-09,0,155,151,152,4.329.600,657.999.400,534
2023-01-10,0,154,150,152,3.285.800,497.294.000,522
2023-01-11,0,153,150,151,2.644.600,398.810.500,368
2023-01-12,0,155,151,154,2.126.300,327.205.500,413
2023-01-13,0,155,153,153,978.7,149.942.700,310
2023-01-16,0,157,154,155,3.471.900,540.234.400,453
2023-01-17,0,158,155,156,3.153.300,492.888.500,475
2023-01-18,0,157,155,155,1.863.100,290.079.600,414
2023-01-19,0,160,154,159,5.568.300,879.594.300,606
2023-01-20,0,160,157,159,3.737.500,592.975.600,427
2023-01-24,0,161,156,160,3.840.800,611.319.600,616
2023-01-25,0,168,160,163,36.403.300,5.984.343.700,5.602
2023-01-26,0,165,159,161,8.634.300,1.394.358.100,644
2023-01-27,0,165,161,164,5.768.100,945.321.100,790
2023-01-30,0,167,161,162,9.212.000,1.495.991.000,627
2023-01-31,0,165,161,162,6.342.500,1.034.478.100,546
2023-02-01,0,167,162,166,17.532.900,2.898.416.600,6.089
2023-02-02,0,171,164,166,42.442.200,7.138.559.300,26.757
2023-02-03,0,170,166,166,13.512.200,2.265.520.500,899
2023-02-06,0,167,164,165,6.701.500,1.110.432.100,514
2023-02-07,0,165,163,164,6.168.800,1.010.603.300,491
2023-02-08,0,165,163,163,2.712.900,442.867.400,383
2023-02-09,0,165,163,163,5.259.000,862.741.900,681
2023-02-10,0,165,161,163,3.957.700,643.037.100,427
2023-02-13,0,164,161,162,4.677.800,756.643.400,588
2023-02-14,0,164,162,162,1.271.900,206.620.800,288
2023-02-15,0,163,162,162,3.493.300,567.042.300,457
2023-02-16,0,163,158,161,8.472.100,1.355.116.900,683
2023-02-17,0,164,160,161,5.600.900,904.891.700,1.997
2023-02-20,0,165,161,161,3.247.900,526.246.200,491
2023-02-21,0,163,161,163,2.794.600,453.159.000,278
2023-02-22,0,164,160,161,2.852.000,460.772.100,351
2023-02-23,0,163,159,160,4.381.600,703.095.300,364
2023-02-24,0,161,158,159,4.434.000,706.022.400,394
2023-02-27,0,164,159,160,5.217.100,845.027.900,467
2023-02-28,0,162,160,161,4.536.400,729.250.800,626
2023-03-01,0,164,161,161,3.269.700,529.144.000,417
2023-03-02,0,163,160,161,4.501.400,725.207.500,373
2023-03-03,0,163,159,161,2.205.100,354.527.500,339
2023-03-06,0,162,159,161,1.797.900,287.940.800,329
2023-03-07,0,161,158,158,2.398.700,381.932.000,529
2023-03-08,0,159,155,156,4.109.300,639.242.400,520
2023-03-09,0,157,155,155,1.761.900,274.812.900,371
2023-03-10,0,157,154,156,2.512.900,390.580.400,317
2023-03-13,0,157,154,155,3.725.400,577.742.800,446
2023-03-14,0,157,153,153,2.570.300,396.731.900,487
2023-03-15,0,154,150,152,6.778.400,1.035.763.900,402
2023-03-16,0,152,146,146,9.349.700,1.382.663.900,927
2023-03-17,0,149,144,146,8.623.200,1.262.426.200,535
2023-03-20,0,151,146,150,5.416.900,806.735.200,419
2023-03-21,0,155,148,150,11.347.800,1.718.865.000,5.563
2023-03-24,0,155,150,152,5.757.200,881.276.500,458
2023-03-27,0,159,150,153,30.044.700,4.693.707.800,25.523
2023-03-28,0,157,153,155,4.174.100,647.223.300,420
2023-03-29,0,157,154,155,2.349.200,365.251.200,261
2023-03-30,0,156,152,152,3.946.600,602.748.100,512
2023-03-31,0,154,152,154,4.668.800,715.429.200,322
2023-04-03,0,155,152,153,2.275.200,348.950.100,345
2023-04-04,0,154,151,153,3.051.000,464.047.600,442
2023-04-05,0,160,150,155,27.722.100,4.333.005.900,13.095
2023-04-06,0,155,151,152,3.747.800,570.921.700,449
2023-04-10,0,153,150,151,3.239.700,490.645.300,.354
2023-04-11,0,179,151,170,224.490.500,38.341.692.500,13.275
2023-04-12,0,178,170,171,85.939.500,14.945.475.000,4.947
2023-04-13,0,187,172,180,130.567.500,23.537.491.000,7.17
2023-04-14,0,185,174,175,54.636.000,9.757.262.400,3.225
2023-04-17,0,177,170,171,32.025.000,5.512.982.400,4.406
2023-04-18,0,174,171,173,24.425.100,4.219.793.300,1.426
2023-04-26,0,177,172,176,31.673.700,5.528.891.200,1.833
2023-04-27,0,188,175,181,85.375.000,15.619.297.100,5.305
2023-04-28,0,183,178,178,43.379.500,7.820.052.400,1.715
2023-05-02,0,178,166,167,80.192.400,13.389.766.700,3.24
2023-05-03,0,171,161,169,23.345.700,3.891.224.900,2.148
2023-05-04,0,173,166,172,35.062.600,5.995.478.900,6.931
2023-05-05,0,172,168,169,9.418.500,1.599.216.100,1.004
2023-05-08,0,177,169,177,36.376.600,6.357.153.800,3.833
2023-05-09,0,181,177,178,27.011.200,4.845.932.100,2.932
2023-05-10,0,181,178,178,16.241.100,2.911.544.600,1.448
2023-05-11,0,180,175,180,14.466.000,2.572.181.300,1.79
2023-05-12,0,180,177,180,13.244.200,2.369.137.000,1.619
2023-05-15,0,187,179,182,36.931.200,6.771.681.900,2.697
2023-05-16,0,187,170,172,47.120.100,8.495.683.000,7.612
2023-05-17,0,181,171,178,24.630.300,4.354.924.300,2.332
2023-05-19,0,183,175,180,23.131.800,4.148.097.700,20.068
2023-05-22,0,184,178,181,17.987.300,3.264.287.000,1.163
2023-05-23,0,182,178,178,12.029.000,2.159.315.900,1.085
2023-05-24,0,186,177,185,50.722.400,9.295.340.000,7.332
2023-05-25,0,191,183,184,53.981.000,10.108.742.100,4.94
2023-05-26,0,186,181,183,16.290.000,2.988.525.900,1.302
2023-05-29,0,188,181,182,17.358.300,3.188.973.400,1.519
2023-05-30,0,184,179,180,11.141.800,2.011.957.600,1.16
2023-05-31,0,181,172,173,36.901.400,6.436.190.100,16.527
2023-06-05,0,181,170,179,24.709.000,4.377.288.100,7.098
2023-06-06,0,186,179,183,32.479.900,5.955.097.600,1.656
2023-06-07,0,187,182,186,21.408.400,3.953.673.200,1.367
2023-06-08,0,187,184,184,16.458.800,3.048.672.400,1.069
2023-06-09,0,190,182,190,66.365.700,12.519.975.800,2.409
2023-06-12,0,194,188,188,38.295.700,7.322.830.100,2.934
2023-06-13,0,191,187,187,18.020.900,3.391.591.400,1.389
2023-06-14,0,194,187,190,40.287.500,7.705.311.400,1.944
2023-06-15,0,194,188,190,9.986.700,1.897.505.600,866
2023-06-16,0,191,180,186,25.965.900,4.804.096.800,2.007
2023-06-19,0,190,184,189,12.426.800,2.334.387.700,1.048
2023-06-20,0,191,185,185,11.080.900,2.072.406.300,1.013
2023-06-21,0,188,183,186,9.960.500,1.838.297.600,873
2023-06-22,0,187,182,183,10.161.400,1.864.637.200,974
2023-06-23,0,184,180,181,8.751.600,1.587.916.100,766
2023-06-26,0,182,178,180,12.865.900,2.316.008.700,990
2023-06-27,0,183,179,180,7.078.800,1.275.077.800,644
2023-07-03,0,185,177,183,24.416.300,4.459.646.400,19.108
2023-07-04,0,186,181,182,10.704.000,1.969.312.000,1.069
2023-07-05,0,188,182,186,20.918.500,3.875.113.800,12.283
2023-07-06,0,189,185,188,20.228.100,3.787.954.100,1.005
2023-07-07,0,189,187,187,9.806.000,1.840.596.400,834
2023-07-10,0,191,186,190,19.833.300,3.752.172.600,1.326
2023-07-11,0,194,188,193,32.110.300,6.157.451.500,1.979
2023-07-12,0,195,192,193,25.299.000,4.886.973.100,1.416
2023-07-13,0,195,190,190,25.958.800,4.977.128.800,1.161
2023-07-14,0,195,188,193,32.932.500,6.353.925.500,1.6
2023-07-17,0,198,192,194,27.377.200,5.362.236.000,1.663
2023-07-18,0,196,191,191,12.051.700,2.325.221.400,855
2023-07-20,0,195,191,194,23.102.000,4.459.550.900,1.24
2023-07-21,0,202,193,200,72.138.600,14.299.426.300,2.717
2023-07-24,0,202,196,197,45.029.800,8.945.830.300,2.214
2023-07-25,0,199,190,190,70.396.800,13.507.276.900,3.241
2023-07-26,0,191,188,189,40.069.300,7.569.029.700,2.016
2023-07-27,0,190,183,183,61.057.500,11.292.537.800,4.247
2023-07-28,0,186,181,183,28.154.700,5.170.485.600,1.723
2023-07-31,0,185,180,183,25.793.800,4.691.794.900,1.659
2023-08-01,0,185,177,179,49.872.000,8.963.730.700,1.853
2023-08-02,0,182,176,180,36.331.800,6.526.474.400,1.582
2023-08-03,0,185,180,184,17.643.600,3.223.522.600,1.152
2023-08-04,0,186,182,183,18.232.700,3.358.069.100,1.262
2023-08-07,0,185,179,182,17.270.200,3.133.891.300,1.122
2023-08-08,0,185,182,183,8.751.200,1.602.210.200,678
2023-08-09,0,186,182,184,23.570.100,4.337.089.300,1.234
2023-08-10,0,186,183,185,11.746.200,2.164.272.200,692
2023-08-11,0,185,183,183,7.543.400,1.385.242.300,565
2023-08-14,0,189,182,189,26.724.700,5.000.537.000,1.894
2023-08-15,0,191,186,186,24.270.800,4.572.304.000,1.935
2023-08-16,0,189,185,186,18.038.200,3.354.803.200,870
2023-08-18,0,188,184,185,17.954.800,3.333.574.500,1.03
2023-08-21,0,186,180,180,23.019.300,4.177.680.100,1.289
2023-08-22,0,182,178,180,11.554.300,2.078.219.300,775
2023-08-23,0,183,180,182,7.418.400,1.346.539.200,682
2023-08-24,0,183,180,181,7.746.600,1.405.909.600,861
2023-08-25,0,184,180,184,3.913.100,712.062.300,387
2023-08-28,0,187,182,183,12.937.300,2.385.531.800,781
2023-08-29,0,188,182,187,22.345.100,4.139.644.200,814
2023-08-30,0,189,186,186,14.461.200,2.702.298.400,748
2023-08-31,0,187,181,183,8.739.600,1.597.980.600,829
2023-09-01,0,183,180,181,10.092.800,1.828.722.100,576
2023-09-04,0,183,180,181,8.431.400,1.529.827.500,539
2023-09-05,0,184,180,181,8.245.100,1.494.112.300,603
2023-09-06,0,183,176,178,33.233.700,5.928.085.500,1.691
2023-09-07,0,183,176,178,17.190.200,3.071.755.800,1.08
2023-09-08,0,184,177,180,22.367.800,4.052.303.100,1.082
2023-09-11,0,182,179,180,3.434.200,620.478.600,851
2023-09-12,0,183,179,180,8.317.200,1.504.209.900,1.212
2023-09-13,0,182,180,181,5.856.500,1.058.399.900,469
2023-09-14,0,182,179,180,7.655.600,1.382.014.100,440
2023-09-15,0,183,179,183,9.200.000,1.670.010.500,496
2023-09-18,0,184,176,179,15.745.300,2.819.493.800,777
2023-09-19,0,180,177,178,7.149.000,1.271.804.600,617
2023-09-20,0,181,177,178,6.910.500,1.234.414.400,486
2023-09-21,0,183,178,180,13.173.700,2.385.932.500,679
2023-09-22,0,182,179,181,12.887.300,2.321.937.500,545
2023-09-25,0,183,180,181,6.158.800,1.117.497.000,606
2023-09-26,0,184,179,179,16.102.400,2.930.680.400,850
2023-09-27,0,188,179,186,45.070.900,8.349.343.200,2.346
2023-09-29,0,188,181,183,17.350.900,3.190.436.800,1.36
2023-10-02,0,185,181,184,8.178.700,1.497.637.600,867
2023-10-03,0,185,181,182,6.589.500,1.200.956.600,527
2023-10-04,0,183,178,180,12.011.900,2.152.215.800,863
2023-10-05,0,181,176,177,14.061.800,2.509.634.400,890
2023-10-06,0,181,177,177,8.988.300,1.607.825.000,720
2023-10-09,0,179,174,174,11.384.900,1.997.097.400,1.196
2023-10-10,0,179,174,174,14.013.900,2.466.556.300,10.481
2023-10-11,0,179,174,175,10.014.200,1.765.443.100,689
2023-10-12,0,177,174,176,6.313.100,1.109.328.300,422
2023-10-13,0,177,175,176,4.594.500,808.822.800,248
2023-10-16,0,178,174,175,11.037.900,1.944.771.500,453
2023-10-17,0,177,173,173,4.962.100,865.023.700,434
2023-10-18,0,174,172,172,7.305.700,1.263.955.800,489
2023-10-19,0,173,168,170,14.804.000,2.520.858.200,839
2023-10-20,0,171,166,166,10.353.300,1.726.809.800,683
2023-10-23,0,167,161,161,12.167.500,1.978.853.600,705
2023-10-24,0,168,160,164,10.852.600,1.793.835.500,800
2023-10-25,0,171,164,166,8.714.400,1.460.608.400,803
2023-10-26,0,168,163,164,3.201.000,525.265.200,544
2023-10-27,0,167,164,166,3.120.400,515.944.200,774
2023-10-30,0,166,162,163,4.752.500,777.461.800,497
2023-10-31,0,167,161,166,9.211.300,1.514.100.800,721
2023-11-01,0,167,162,162,15.238.100,2.474.301.500,574
2023-11-02,0,165,160,163,15.568.000,2.538.279.600,495
2023-11-03,0,168,163,168,5.064.200,840.387.500,493
2023-11-06,0,170,168,168,3.434.100,579.796.300,563
2023-11-07,0,171,165,166,6.816.300,1.144.911.500,620
2023-11-08,0,169,164,165,3.844.200,637.089.600,384
2023-11-09,0,167,164,165,1.502.600,248.542.000,362
2023-11-10,0,166,162,163,4.544.300,742.102.000,502
2023-11-13,0,166,163,166,1.413.100,232.615.400,432
2023-11-14,0,169,163,167,17.630.300,2.956.283.300,1.115
2023-11-15,0,171,167,170,18.776.700,3.175.581.100,1.519
2023-11-16,0,171,167,167,3.893.000,657.292.300,741
2023-11-17,0,170,167,167,2.267.600,381.341.600,418
2023-11-20,0,168,165,166,5.358.500,889.783.000,438
2023-11-21,0,167,165,167,3.546.000,588.857.700,404
2023-11-22,0,168,165,166,7.763.400,1.293.470.200,348
2023-11-23,0,168,165,168,3.270.300,546.852.900,513
2023-11-24,0,169,166,166,5.566.900,929.828.700,410
2023-11-27,0,175,166,171,18.826.300,3.243.114.900,1.471
2023-11-28,0,173,168,169,8.329.400,1.412.771.000,681
2023-11-29,0,171,167,170,4.916.300,830.154.400,422
2023-11-30,0,171,167,168,4.121.700,692.541.200,514
2023-12-01,0,170,168,168,2.743.300,462.304.700,314
2023-12-04,0,171,168,169,4.243.700,716.970.000,363
2023-12-05,0,171,163,167,10.538.300,1.758.864.000,550
2023-12-06,0,171,165,167,20.958.400,3.539.063.300,850
2023-12-07,0,168,165,166,3.057.400,507.878.200,290
2023-12-08,0,167,164,165,5.350.100,881.088.900,442
2023-12-11,0,166,163,164,2.901.100,475.875.000,342
2023-12-12,0,164,158,163,11.187.800,1.804.974.300,907
2023-12-13,0,164,160,163,4.576.500,737.070.300,369
2023-12-14,0,167,160,165,4.786.700,789.068.600,551
2023-12-15,0,166,162,162,6.057.900,994.964.800,403
2023-12-18,0,165,160,161,6.895.100,1.112.930.100,630
2023-12-19,0,162,158,161,10.520.100,1.689.305.000,562
2023-12-20,0,166,159,165,8.228.500,1.347.629.400,438
2023-12-21,0,165,162,163,1.480.700,241.430.500,220
2023-12-22,0,165,163,163,1.332.800,218.200.800,233
2023-12-27,0,164,162,163,4.204.500,684.939.100,444
2023-12-28,0,167,162,164,9.350.100,1.538.259.900,420
